"APPLIC";"NM_PAGINA_WEB";"NM_AZIONE_PAGINA";"DS_AZIONE_PAGINA"
"SACER_IAM";"/amministrazioneEntiConvenzionati/dettaglioAccordo";"button/AmministrazioneEntiConvenzionatiForm#AccordoDetail/chiusuraAccordo";"Chiusura accordo"
"SACER_IAM";"/amministrazioneEntiConvenzionati/dettaglioAccordo";"button/AmministrazioneEntiConvenzionatiForm#AccordoDetail/ricalcoloServiziErogati";"Calcola servizi erogati da accordo"
"SACER_IAM";"/amministrazioneEntiConvenzionati/dettaglioAccordo";"button/AmministrazioneEntiConvenzionatiForm#UdButtonList/scaricaCompFileUdAccordo";"Scarica file unità documentaria"
"SACER_IAM";"/amministrazioneEntiConvenzionati/dettaglioAccordo";"button/AmministrazioneEntiConvenzionatiForm#UdButtonList/scaricaCompFileUdAccordoAdozione";"Scarica file unità documentaria"
"SACER_IAM";"/amministrazioneEntiConvenzionati/dettaglioAccordo";"detail/AmministrazioneEntiConvenzionatiForm#AnnualitaAccordoList/delete";"Elimina annualità"
"SACER_IAM";"/amministrazioneEntiConvenzionati/dettaglioAccordo";"detail/AmministrazioneEntiConvenzionatiForm#AnnualitaAccordoList/edit";"Modifica annualità"
"SACER_IAM";"/amministrazioneEntiConvenzionati/dettaglioAccordo";"detail/AmministrazioneEntiConvenzionatiForm#AnnualitaAccordoList/insert";"Inserisci annualità"
"SACER_IAM";"/amministrazioneEntiConvenzionati/dettaglioAccordo";"detail/AmministrazioneEntiConvenzionatiForm#AnnualitaAccordoList/view";"Visualizza annualità"
"SACER_IAM";"/amministrazioneEntiConvenzionati/dettaglioAccordo";"detail/AmministrazioneEntiConvenzionatiForm#FattureAccordoList/view";"Dettaglio fattura accordo"
"SACER_IAM";"/amministrazioneEntiConvenzionati/dettaglioAccordo";"detail/AmministrazioneEntiConvenzionatiForm#GestioniAccordoList/delete";"Elimina gestione accordo"
"SACER_IAM";"/amministrazioneEntiConvenzionati/dettaglioAccordo";"detail/AmministrazioneEntiConvenzionatiForm#GestioniAccordoList/downloadFileGestAccDaLista";"Download gestione accordo"
"SACER_IAM";"/amministrazioneEntiConvenzionati/dettaglioAccordo";"detail/AmministrazioneEntiConvenzionatiForm#GestioniAccordoList/edit";"Modifica gestione accordo"
"SACER_IAM";"/amministrazioneEntiConvenzionati/dettaglioAccordo";"detail/AmministrazioneEntiConvenzionatiForm#GestioniAccordoList/insert";"Inserisci gestione accordo"
"SACER_IAM";"/amministrazioneEntiConvenzionati/dettaglioAccordo";"detail/AmministrazioneEntiConvenzionatiForm#GestioniAccordoList/view";"Visualizza gestione accordo"
"SACER_IAM";"/amministrazioneEntiConvenzionati/dettaglioAccordo";"detail/AmministrazioneEntiConvenzionatiForm#ServiziErogatiList/delete";"Elimina servizio erogato"
"SACER_IAM";"/amministrazioneEntiConvenzionati/dettaglioAccordo";"detail/AmministrazioneEntiConvenzionatiForm#ServiziErogatiList/edit";"Modifica servizio erogato"
"SACER_IAM";"/amministrazioneEntiConvenzionati/dettaglioAccordo";"detail/AmministrazioneEntiConvenzionatiForm#ServiziErogatiList/insert";"Inserisci servizio erogato"
"SACER_IAM";"/amministrazioneEntiConvenzionati/dettaglioAccordo";"detail/AmministrazioneEntiConvenzionatiForm#ServiziErogatiList/view";"Visualizza servizio erogato"
"SACER_IAM";"/amministrazioneEntiConvenzionati/dettaglioAccordo";"toolbar/delete";"Elimina accordo"
"SACER_IAM";"/amministrazioneEntiConvenzionati/dettaglioAccordo";"toolbar/edit";"Modifica accordo"
"SACER_IAM";"/amministrazioneEntiConvenzionati/dettaglioAccordo";"toolbar/insert";"Salva accordo"
"SACER_IAM";"/amministrazioneEntiConvenzionati/dettaglioAccordo";"toolbar/update";"Salva modifica accordo"
"SACER_IAM";"/amministrazioneEntiConvenzionati/dettaglioAmbiente";"button/AmministrazioneEntiConvenzionatiForm#AmbienteEnteConvenzionatoDetail/logEventiAmbiente";"Log eventi"
"SACER_IAM";"/amministrazioneEntiConvenzionati/dettaglioAmbiente";"detail/AmministrazioneEntiConvenzionatiForm#ListaEntiConvenzionati/view";"Visualizza ente convenzionato"
"SACER_IAM";"/amministrazioneEntiConvenzionati/dettaglioAmbiente";"detail/AmministrazioneEntiConvenzionatiForm#ParametriAmministrazioneAmbienteList/delete";"Cancella parametro di amministrazione"
"SACER_IAM";"/amministrazioneEntiConvenzionati/dettaglioAmbiente";"detail/AmministrazioneEntiConvenzionatiForm#ParametriConservazioneAmbienteList/delete";"Cancella parametro di conservazione"
"SACER_IAM";"/amministrazioneEntiConvenzionati/dettaglioAmbiente";"detail/AmministrazioneEntiConvenzionatiForm#ParametriGestioneAmbienteList/delete";"Cancella parametro di gestione"
"SACER_IAM";"/amministrazioneEntiConvenzionati/dettaglioAmbiente";"toolbar/delete";"Elimina ambiente ente convenzionato"
"SACER_IAM";"/amministrazioneEntiConvenzionati/dettaglioAmbiente";"toolbar/edit";"Modifica ambiente ente convenzionato"
"SACER_IAM";"/amministrazioneEntiConvenzionati/dettaglioAmbiente";"toolbar/insert";"Salva ambiente ente convenzionato"
"SACER_IAM";"/amministrazioneEntiConvenzionati/dettaglioAmbiente";"toolbar/update";"Salva modifica ambiente ente convenzionato"
"SACER_IAM";"/amministrazioneEntiConvenzionati/dettaglioAnagrafica";"toolbar/edit";"Modifica storicizzazione"
"SACER_IAM";"/amministrazioneEntiConvenzionati/dettaglioAnagrafica";"toolbar/update";"Salva modifica storicizzazione"
"SACER_IAM";"/amministrazioneEntiConvenzionati/dettaglioAnagraficaWizard";"toolbar/insert";"Salva storicizzazione"
"SACER_IAM";"/amministrazioneEntiConvenzionati/dettaglioAnnualita";"toolbar/delete";"Elimina annualità"
"SACER_IAM";"/amministrazioneEntiConvenzionati/dettaglioAnnualita";"toolbar/edit";"Modifica annualità"
"SACER_IAM";"/amministrazioneEntiConvenzionati/dettaglioAnnualita";"toolbar/insert";"Salva annualità"
"SACER_IAM";"/amministrazioneEntiConvenzionati/dettaglioAnnualita";"toolbar/update";"Salva modifica annualità"
"SACER_IAM";"/amministrazioneEntiConvenzionati/dettaglioAppartenenzaCollegamento";"toolbar/edit";"Modifica appartenenza al collegamento"
"SACER_IAM";"/amministrazioneEntiConvenzionati/dettaglioAppartenenzaCollegamento";"toolbar/insert";"Salva appartenenza al collegamento"
"SACER_IAM";"/amministrazioneEntiConvenzionati/dettaglioAppartenenzaEnte";"toolbar/delete";"Elimina appartenenza ente"
"SACER_IAM";"/amministrazioneEntiConvenzionati/dettaglioAppartenenzaEnte";"toolbar/edit";"Modifica appartenenza ente"
"SACER_IAM";"/amministrazioneEntiConvenzionati/dettaglioAppartenenzaEnte";"toolbar/insert";"Salva appartenenza ente"
"SACER_IAM";"/amministrazioneEntiConvenzionati/dettaglioAppartenenzaEnte";"toolbar/update";"Salva modifica appartenenza ente"
"SACER_IAM";"/amministrazioneEntiConvenzionati/dettaglioArchivistaRiferimento";"button/AmministrazioneEntiConvenzionatiForm#UtenteArchivistaDetail/rimuoviUtenteArchivista";"Rimuovi utente archivista"
"SACER_IAM";"/amministrazioneEntiConvenzionati/dettaglioArchivistaRiferimento";"button/AmministrazioneEntiConvenzionatiForm#UtenteArchivistaDetail/selezionaUtenteArchivista";"Seleziona utente archivista"
"SACER_IAM";"/amministrazioneEntiConvenzionati/dettaglioArchivistaRiferimento";"toolbar/edit";"Modifica utente archivista"
"SACER_IAM";"/amministrazioneEntiConvenzionati/dettaglioArchivistaRiferimento";"toolbar/insert";"Salva utente archivista"
"SACER_IAM";"/amministrazioneEntiConvenzionati/dettaglioArchivistaRiferimento";"toolbar/update";"Salva modifica utente archivista"
"SACER_IAM";"/amministrazioneEntiConvenzionati/dettaglioCollegamentoEnte";"detail/AmministrazioneEntiConvenzionatiForm#EntiCollegatiList/delete";"Elimina associazione ente"
"SACER_IAM";"/amministrazioneEntiConvenzionati/dettaglioCollegamentoEnte";"detail/AmministrazioneEntiConvenzionatiForm#EntiCollegatiList/insert";"Inserisci associazione ente"
"SACER_IAM";"/amministrazioneEntiConvenzionati/dettaglioCollegamentoEnte";"toolbar/delete";"Elimina collegamento ente"
"SACER_IAM";"/amministrazioneEntiConvenzionati/dettaglioCollegamentoEnte";"toolbar/edit";"Modifica collegamento ente"
"SACER_IAM";"/amministrazioneEntiConvenzionati/dettaglioCollegamentoEnte";"toolbar/insert";"Salva collegamento ente"
"SACER_IAM";"/amministrazioneEntiConvenzionati/dettaglioCollegamentoEnte";"toolbar/update";"Salva modifica collegamento ente"
"SACER_IAM";"/amministrazioneEntiConvenzionati/dettaglioDisciplinareTecnico";"button/AmministrazioneEntiConvenzionatiForm#DisciplinareTecnicoDetail/downloadFileDiscip";"Download file disciplinare tecnico"
"SACER_IAM";"/amministrazioneEntiConvenzionati/dettaglioDisciplinareTecnico";"button/AmministrazioneEntiConvenzionatiForm#UdButtonList/scaricaCompFileUdDiscip";"Scarica file unità documentaria"
"SACER_IAM";"/amministrazioneEntiConvenzionati/dettaglioDisciplinareTecnico";"toolbar/delete";"Elimina disciplinare tecnico"
"SACER_IAM";"/amministrazioneEntiConvenzionati/dettaglioDisciplinareTecnico";"toolbar/edit";"Modifica disciplinare tecnico"
"SACER_IAM";"/amministrazioneEntiConvenzionati/dettaglioDisciplinareTecnico";"toolbar/insert";"Salva disciplinare tecnico"
"SACER_IAM";"/amministrazioneEntiConvenzionati/dettaglioDisciplinareTecnico";"toolbar/update";"Salva modifica disciplinare tecnico"
"SACER_IAM";"/amministrazioneEntiConvenzionati/dettaglioEnteConvenzionato";"button/AmministrazioneEntiConvenzionatiForm#EnteConvenzionatoDetail/cambioAmbiente";"Cambio ambiente"
"SACER_IAM";"/amministrazioneEntiConvenzionati/dettaglioEnteConvenzionato";"button/AmministrazioneEntiConvenzionatiForm#EnteConvenzionatoDetail/cambioGestore";"Cambio gestore"
"SACER_IAM";"/amministrazioneEntiConvenzionati/dettaglioEnteConvenzionato";"button/AmministrazioneEntiConvenzionatiForm#EnteConvenzionatoDetail/estraiRigheFattureEnte";"Estrai righe fatture"
"SACER_IAM";"/amministrazioneEntiConvenzionati/dettaglioEnteConvenzionato";"button/AmministrazioneEntiConvenzionatiForm#EnteConvenzionatoDetail/logEventi";"Log eventi"
"SACER_IAM";"/amministrazioneEntiConvenzionati/dettaglioEnteConvenzionato";"button/AmministrazioneEntiConvenzionatiForm#EnteConvenzionatoDetail/nuovoAccordo";"Nuovo accordo"
"SACER_IAM";"/amministrazioneEntiConvenzionati/dettaglioEnteConvenzionato";"button/AmministrazioneEntiConvenzionatiForm#FattureProvvisorieFields/calcoloFattureProvvisorie";"Calcola fatture provvisorie"
"SACER_IAM";"/amministrazioneEntiConvenzionati/dettaglioEnteConvenzionato";"detail/AmministrazioneEntiConvenzionatiForm#AccordiList/delete";"Elimina accordo ente convenzionato"
"SACER_IAM";"/amministrazioneEntiConvenzionati/dettaglioEnteConvenzionato";"detail/AmministrazioneEntiConvenzionatiForm#AccordiList/edit";"Modifica accordo ente convenzionato"
"SACER_IAM";"/amministrazioneEntiConvenzionati/dettaglioEnteConvenzionato";"detail/AmministrazioneEntiConvenzionatiForm#AccordiList/insert";"Inserisci accordo ente convenzionato"
"SACER_IAM";"/amministrazioneEntiConvenzionati/dettaglioEnteConvenzionato";"detail/AmministrazioneEntiConvenzionatiForm#AccordiList/view";"Visualizza accordo ente convenzionato"
"SACER_IAM";"/amministrazioneEntiConvenzionati/dettaglioEnteConvenzionato";"detail/AmministrazioneEntiConvenzionatiForm#AnagraficheList/edit";"Modifica anagrafica storicizzata"
"SACER_IAM";"/amministrazioneEntiConvenzionati/dettaglioEnteConvenzionato";"detail/AmministrazioneEntiConvenzionatiForm#AnagraficheList/insert";"Storicizza anagrafica"
"SACER_IAM";"/amministrazioneEntiConvenzionati/dettaglioEnteConvenzionato";"detail/AmministrazioneEntiConvenzionatiForm#AnagraficheList/view";"Visualizza anagrafica ente convenzionato"
"SACER_IAM";"/amministrazioneEntiConvenzionati/dettaglioEnteConvenzionato";"detail/AmministrazioneEntiConvenzionatiForm#CollegamentiEnteAppartList/delete";"Elimina associazione ente"
"SACER_IAM";"/amministrazioneEntiConvenzionati/dettaglioEnteConvenzionato";"detail/AmministrazioneEntiConvenzionatiForm#CollegamentiEnteAppartList/edit";"Modifica associazione ente"
"SACER_IAM";"/amministrazioneEntiConvenzionati/dettaglioEnteConvenzionato";"detail/AmministrazioneEntiConvenzionatiForm#CollegamentiEnteAppartList/insert";"Inserisci associazione ente"
"SACER_IAM";"/amministrazioneEntiConvenzionati/dettaglioEnteConvenzionato";"detail/AmministrazioneEntiConvenzionatiForm#CollegamentiEnteAppartList/view";"Visualizza associazione ente"
"SACER_IAM";"/amministrazioneEntiConvenzionati/dettaglioEnteConvenzionato";"detail/AmministrazioneEntiConvenzionatiForm#DisciplinariTecniciList/delete";"Elimina disciplinare tecnico"
"SACER_IAM";"/amministrazioneEntiConvenzionati/dettaglioEnteConvenzionato";"detail/AmministrazioneEntiConvenzionatiForm#DisciplinariTecniciList/edit";"Modifica disciplinare tecnico"
"SACER_IAM";"/amministrazioneEntiConvenzionati/dettaglioEnteConvenzionato";"detail/AmministrazioneEntiConvenzionatiForm#DisciplinariTecniciList/insert";"Inserisci disciplinare tecnico"
"SACER_IAM";"/amministrazioneEntiConvenzionati/dettaglioEnteConvenzionato";"detail/AmministrazioneEntiConvenzionatiForm#DisciplinariTecniciList/view";"Visualizza disciplinare tecnico"
"SACER_IAM";"/amministrazioneEntiConvenzionati/dettaglioEnteConvenzionato";"detail/AmministrazioneEntiConvenzionatiForm#EntiCessatiList/view";"Visualizza ente convenzionato cessato"
"SACER_IAM";"/amministrazioneEntiConvenzionati/dettaglioEnteConvenzionato";"detail/AmministrazioneEntiConvenzionatiForm#FornitoriEsterniList/view";"Visualizza fornitore esterno"
"SACER_IAM";"/amministrazioneEntiConvenzionati/dettaglioEnteConvenzionato";"detail/AmministrazioneEntiConvenzionatiForm#ModuliInformazioniList/delete";"Elimina modulo informazioni"
"SACER_IAM";"/amministrazioneEntiConvenzionati/dettaglioEnteConvenzionato";"detail/AmministrazioneEntiConvenzionatiForm#ModuliInformazioniList/downloadFileModuloDaLista";"Download modulo informazioni"
"SACER_IAM";"/amministrazioneEntiConvenzionati/dettaglioEnteConvenzionato";"detail/AmministrazioneEntiConvenzionatiForm#ModuliInformazioniList/edit";"Modifica modulo informazioni"
"SACER_IAM";"/amministrazioneEntiConvenzionati/dettaglioEnteConvenzionato";"detail/AmministrazioneEntiConvenzionatiForm#ModuliInformazioniList/insert";"Inserisci modulo informazioni"
"SACER_IAM";"/amministrazioneEntiConvenzionati/dettaglioEnteConvenzionato";"detail/AmministrazioneEntiConvenzionatiForm#ModuliInformazioniList/view";"Visualizza modulo informazioni"
"SACER_IAM";"/amministrazioneEntiConvenzionati/dettaglioEnteConvenzionato";"detail/AmministrazioneEntiConvenzionatiForm#OrganiVigilanzaList/view";"Visualizza organo di vigilanza"
"SACER_IAM";"/amministrazioneEntiConvenzionati/dettaglioEnteConvenzionato";"detail/AmministrazioneEntiConvenzionatiForm#OrganizzazioniVersantiList/org";"Visualizza dettaglio organizzazione"
"SACER_IAM";"/amministrazioneEntiConvenzionati/dettaglioEnteConvenzionato";"detail/AmministrazioneEntiConvenzionatiForm#ParametriAmministrazioneList/delete";"Cancella parametro di amministrazione"
"SACER_IAM";"/amministrazioneEntiConvenzionati/dettaglioEnteConvenzionato";"detail/AmministrazioneEntiConvenzionatiForm#ParametriConservazioneList/delete";"Cancella parametro di conservazione"
"SACER_IAM";"/amministrazioneEntiConvenzionati/dettaglioEnteConvenzionato";"detail/AmministrazioneEntiConvenzionatiForm#ParametriGestioneList/delete";"Cancella parametro di gestione"
"SACER_IAM";"/amministrazioneEntiConvenzionati/dettaglioEnteConvenzionato";"detail/AmministrazioneEntiConvenzionatiForm#ReferentiEnteList/delete";"Elimina referente ente"
"SACER_IAM";"/amministrazioneEntiConvenzionati/dettaglioEnteConvenzionato";"detail/AmministrazioneEntiConvenzionatiForm#ReferentiEnteList/downloadFileReferenteDaLista";"Download file"																																													   
"SACER_IAM";"/amministrazioneEntiConvenzionati/dettaglioEnteConvenzionato";"detail/AmministrazioneEntiConvenzionatiForm#ReferentiEnteList/edit";"Modifica referente ente"
"SACER_IAM";"/amministrazioneEntiConvenzionati/dettaglioEnteConvenzionato";"detail/AmministrazioneEntiConvenzionatiForm#ReferentiEnteList/insert";"Inserisci referente ente"
"SACER_IAM";"/amministrazioneEntiConvenzionati/dettaglioEnteConvenzionato";"detail/AmministrazioneEntiConvenzionatiForm#ReferentiEnteList/view";"Visualizza referente ente"
"SACER_IAM";"/amministrazioneEntiConvenzionati/dettaglioEnteConvenzionato";"detail/AmministrazioneEntiConvenzionatiForm#SoggettiAttuatoriList/view";"Visualizza soggetto attuatore"
"SACER_IAM";"/amministrazioneEntiConvenzionati/dettaglioEnteConvenzionato";"detail/AmministrazioneEntiConvenzionatiForm#UtentiArchivistiList/delete";"Elimina archivista di riferimento"
"SACER_IAM";"/amministrazioneEntiConvenzionati/dettaglioEnteConvenzionato";"detail/AmministrazioneEntiConvenzionatiForm#UtentiArchivistiList/edit";"Modifica archivista di riferimento"
"SACER_IAM";"/amministrazioneEntiConvenzionati/dettaglioEnteConvenzionato";"detail/AmministrazioneEntiConvenzionatiForm#UtentiArchivistiList/insert";"Inserisci archivista di riferimento"
"SACER_IAM";"/amministrazioneEntiConvenzionati/dettaglioEnteConvenzionato";"detail/AmministrazioneEntiConvenzionatiForm#UtentiArchivistiList/view";"Visualizza archivista di riferimento"
"SACER_IAM";"/amministrazioneEntiConvenzionati/dettaglioEnteConvenzionato";"detail/AmministrazioneEntiConvenzionatiForm#UtentiAutomaList/view";"Visualizza utente di tipo automa abilitato sull'ente convenzionato"
"SACER_IAM";"/amministrazioneEntiConvenzionati/dettaglioEnteConvenzionato";"detail/AmministrazioneEntiConvenzionatiForm#UtentiEnteList/view";"Visualizza utente appartenenti all'ente convenzionato"
"SACER_IAM";"/amministrazioneEntiConvenzionati/dettaglioEnteConvenzionato";"detail/AmministrazioneEntiConvenzionatiForm#UtentiList/view";"Visualizza utente abilitato sull'ente convenzionato"
"SACER_IAM";"/amministrazioneEntiConvenzionati/dettaglioEnteConvenzionato";"detail/AmministrazioneEntiConvenzionatiForm#UtentiPersonaFisicaList/view";"Visualizza utente di tipo persona fisica abilitato sull'ente convenzionato"
"SACER_IAM";"/amministrazioneEntiConvenzionati/dettaglioEnteConvenzionato";"toolbar/delete";"Elimina ente convenzionato"
"SACER_IAM";"/amministrazioneEntiConvenzionati/dettaglioEnteConvenzionato";"toolbar/edit";"Modifica ente convenzionato"
"SACER_IAM";"/amministrazioneEntiConvenzionati/dettaglioEnteConvenzionato";"toolbar/insert";"Salva ente convenzionato"
"SACER_IAM";"/amministrazioneEntiConvenzionati/dettaglioEnteConvenzionato";"toolbar/update";"Salva modifica ente convenzionato"
"SACER_IAM";"/amministrazioneEntiConvenzionati/dettaglioEnteConvenzionatoWizard";"toolbar/insert";"Salva ente convenzionato"
"SACER_IAM";"/amministrazioneEntiConvenzionati/dettaglioFattura";"button/GestioneFatturazioneServiziForm#FatturaDetail/logEventi";"Log eventi"
"SACER_IAM";"/amministrazioneEntiConvenzionati/dettaglioFattura";"button/GestioneFatturazioneServiziForm#FatturaRiemessa/ricalcolaFatturaNuovaEmissione";"Ricalcola fattura nuova emissione"
"SACER_IAM";"/amministrazioneEntiConvenzionati/dettaglioFattura";"button/GestioneFatturazioneServiziForm#RiemissioneFattureFields/riemettiFattureStornate";"Riemissione fatture stornate"
"SACER_IAM";"/amministrazioneEntiConvenzionati/dettaglioFattura";"button/GestioneFatturazioneServiziForm#UdButtonList/scaricaCompFileUdFatturaEmessa";"Scarica file unità documentaria"
"SACER_IAM";"/amministrazioneEntiConvenzionati/dettaglioFattura";"button/GestioneFatturazioneServiziForm#UdButtonList/scaricaCompFileUdStorno";"Scarica file unità documentaria"
"SACER_IAM";"/amministrazioneEntiConvenzionati/dettaglioFattura";"detail/GestioneFatturazioneServiziForm#ListaFattureRiemesse/edit";"Modifica fattura riemessa"
"SACER_IAM";"/amministrazioneEntiConvenzionati/dettaglioFattura";"detail/GestioneFatturazioneServiziForm#ListaFattureRiemesse/view";"Visualizza fattura riemessa"
"SACER_IAM";"/amministrazioneEntiConvenzionati/dettaglioFattura";"detail/GestioneFatturazioneServiziForm#ListaIncassi/delete";"Elimina incasso"
"SACER_IAM";"/amministrazioneEntiConvenzionati/dettaglioFattura";"detail/GestioneFatturazioneServiziForm#ListaIncassi/edit";"Modifica incasso"
"SACER_IAM";"/amministrazioneEntiConvenzionati/dettaglioFattura";"detail/GestioneFatturazioneServiziForm#ListaIncassi/insert";"Inserisci incasso"
"SACER_IAM";"/amministrazioneEntiConvenzionati/dettaglioFattura";"detail/GestioneFatturazioneServiziForm#ListaIncassi/view";"Visualizza incasso"
"SACER_IAM";"/amministrazioneEntiConvenzionati/dettaglioFattura";"detail/GestioneFatturazioneServiziForm#ListaLinkFatturaEmessa/ud";"Visualizza dettaglio unità doc in Sacer"
"SACER_IAM";"/amministrazioneEntiConvenzionati/dettaglioFattura";"detail/GestioneFatturazioneServiziForm#ListaServiziFatturati/delete";"Elimina servizio fatturato"
"SACER_IAM";"/amministrazioneEntiConvenzionati/dettaglioFattura";"detail/GestioneFatturazioneServiziForm#ListaServiziFatturati/edit";"Modifica servizio fatturato"
"SACER_IAM";"/amministrazioneEntiConvenzionati/dettaglioFattura";"detail/GestioneFatturazioneServiziForm#ListaServiziFatturati/view";"Visualizza servizio fatturato"
"SACER_IAM";"/amministrazioneEntiConvenzionati/dettaglioFattura";"detail/GestioneFatturazioneServiziForm#ListaSolleciti/delete";"Elimina sollecito"
"SACER_IAM";"/amministrazioneEntiConvenzionati/dettaglioFattura";"detail/GestioneFatturazioneServiziForm#ListaSolleciti/edit";"Modifica sollecito"
"SACER_IAM";"/amministrazioneEntiConvenzionati/dettaglioFattura";"detail/GestioneFatturazioneServiziForm#ListaSolleciti/insert";"Inserisci sollecito"
"SACER_IAM";"/amministrazioneEntiConvenzionati/dettaglioFattura";"detail/GestioneFatturazioneServiziForm#ListaSolleciti/view";"Visualizza sollecito"
"SACER_IAM";"/amministrazioneEntiConvenzionati/dettaglioFattura";"toolbar/delete";"Elimina fattura"
"SACER_IAM";"/amministrazioneEntiConvenzionati/dettaglioFattura";"toolbar/edit";"Modifica fattura"
"SACER_IAM";"/amministrazioneEntiConvenzionati/dettaglioFattura";"toolbar/insert";"Salva fattura"
"SACER_IAM";"/amministrazioneEntiConvenzionati/dettaglioFattura";"toolbar/update";"Salva modifica fattura"
"SACER_IAM";"/amministrazioneEntiConvenzionati/dettaglioIncasso";"toolbar/delete";"Elimina incasso"
"SACER_IAM";"/amministrazioneEntiConvenzionati/dettaglioIncasso";"toolbar/edit";"Modifica incasso"
"SACER_IAM";"/amministrazioneEntiConvenzionati/dettaglioIncasso";"toolbar/insert";"Salva incasso"
"SACER_IAM";"/amministrazioneEntiConvenzionati/dettaglioIncasso";"toolbar/update";"Salva modifica incasso"
"SACER_IAM";"/amministrazioneEntiConvenzionati/dettaglioModuloInformazioni";"button/AmministrazioneEntiConvenzionatiForm#ModuloInformazioniDetail/downloadFile";"Download file zip"
"SACER_IAM";"/amministrazioneEntiConvenzionati/dettaglioModuloInformazioni";"button/AmministrazioneEntiConvenzionatiForm#UdButtonList/scaricaCompFileUdModInfo";"Scarica file unità documentaria"
"SACER_IAM";"/amministrazioneEntiConvenzionati/dettaglioModuloInformazioni";"toolbar/delete";"Elimina modulo informazioni"
"SACER_IAM";"/amministrazioneEntiConvenzionati/dettaglioModuloInformazioni";"toolbar/edit";"Modifica modulo informazioni"
"SACER_IAM";"/amministrazioneEntiConvenzionati/dettaglioModuloInformazioni";"toolbar/insert";"Salva modulo informazioni"
"SACER_IAM";"/amministrazioneEntiConvenzionati/dettaglioModuloInformazioni";"toolbar/update";"Salva modifica modulo informazioni"
"SACER_IAM";"/amministrazioneEntiConvenzionati/dettaglioReferenteEnte";"button/AmministrazioneEntiConvenzionatiForm#ReferenteEnteDetail/downloadFileEnteUserRif";"Download file zip"
"SACER_IAM";"/amministrazioneEntiConvenzionati/dettaglioReferenteEnte";"button/AmministrazioneEntiConvenzionatiForm#ReferenteEnteDetail/rimuoviReferenteEnte";"Rimuovi referente ente"
"SACER_IAM";"/amministrazioneEntiConvenzionati/dettaglioReferenteEnte";"button/AmministrazioneEntiConvenzionatiForm#ReferenteEnteDetail/selezionaReferenteEnte";"Seleziona referente ente"
"SACER_IAM";"/amministrazioneEntiConvenzionati/dettaglioReferenteEnte";"button/AmministrazioneEntiConvenzionatiForm#UdButtonList/scaricaCompFileUdEnteUserRif";"Scarica file unità documentaria"																																															 
"SACER_IAM";"/amministrazioneEntiConvenzionati/dettaglioReferenteEnte";"toolbar/edit";"Modifica referente ente"
"SACER_IAM";"/amministrazioneEntiConvenzionati/dettaglioReferenteEnte";"toolbar/insert";"Salva referente ente"
"SACER_IAM";"/amministrazioneEntiConvenzionati/dettaglioReferenteEnte";"toolbar/update";"Salva modifica referente ente"																																															 
"SACER_IAM";"/amministrazioneEntiConvenzionati/dettaglioServizioErogato";"toolbar/delete";"Elimina servizio erogato"
"SACER_IAM";"/amministrazioneEntiConvenzionati/dettaglioServizioErogato";"toolbar/edit";"Modifica servizio erogato"
"SACER_IAM";"/amministrazioneEntiConvenzionati/dettaglioServizioErogato";"toolbar/insert";"Salva servizio erogato"
"SACER_IAM";"/amministrazioneEntiConvenzionati/dettaglioServizioErogato";"toolbar/update";"Salva modifica servizio erogato"
"SACER_IAM";"/amministrazioneEntiConvenzionati/dettaglioServizioFatturato";"toolbar/edit";"Modifica servizio fatturato"
"SACER_IAM";"/amministrazioneEntiConvenzionati/dettaglioServizioFatturato";"toolbar/update";"Salva modifica servizio fatturato"
"SACER_IAM";"/amministrazioneEntiConvenzionati/dettaglioSollecito";"toolbar/delete";"Elimina sollecito"
"SACER_IAM";"/amministrazioneEntiConvenzionati/dettaglioSollecito";"toolbar/edit";"Modifica sollecito"
"SACER_IAM";"/amministrazioneEntiConvenzionati/dettaglioSollecito";"toolbar/insert";"Salva sollecito"
"SACER_IAM";"/amministrazioneEntiConvenzionati/dettaglioSollecito";"toolbar/update";"Salva modifica sollecito"
"SACER_IAM";"/amministrazioneEntiConvenzionati/dettaglioTariffa";"toolbar/delete";"Elimina tariffa"
"SACER_IAM";"/amministrazioneEntiConvenzionati/dettaglioTariffa";"toolbar/edit";"Modifica tariffa"
"SACER_IAM";"/amministrazioneEntiConvenzionati/dettaglioTariffaWizard";"button/AmministrazioneTariffariForm#ScaglioniFields/aggiungiScaglione";"Aggiungi scaglione"
"SACER_IAM";"/amministrazioneEntiConvenzionati/dettaglioTariffaWizard";"detail/AmministrazioneTariffariForm#ListaScaglioni/delete";"Elimina scaglione"
"SACER_IAM";"/amministrazioneEntiConvenzionati/dettaglioTariffaWizard";"toolbar/insert";"Salva tariffa"
"SACER_IAM";"/amministrazioneEntiConvenzionati/dettaglioTariffaWizard";"toolbar/update";"Salva modifica tariffa"
"SACER_IAM";"/amministrazioneEntiConvenzionati/dettaglioTariffario";"detail/AmministrazioneTariffariForm#ListaTariffe/delete";"Elimina tariffa"
"SACER_IAM";"/amministrazioneEntiConvenzionati/dettaglioTariffario";"detail/AmministrazioneTariffariForm#ListaTariffe/edit";"Modifica tariffa"
"SACER_IAM";"/amministrazioneEntiConvenzionati/dettaglioTariffario";"detail/AmministrazioneTariffariForm#ListaTariffe/insert";"Inserisci tariffa"
"SACER_IAM";"/amministrazioneEntiConvenzionati/dettaglioTariffario";"detail/AmministrazioneTariffariForm#ListaTariffe/view";"Visualizza tariffa"
"SACER_IAM";"/amministrazioneEntiConvenzionati/dettaglioTariffario";"toolbar/delete";"Elimina tariffario"
"SACER_IAM";"/amministrazioneEntiConvenzionati/dettaglioTariffario";"toolbar/edit";"Modifica tariffario"
"SACER_IAM";"/amministrazioneEntiConvenzionati/dettaglioTariffario";"toolbar/insert";"Salva tariffario"
"SACER_IAM";"/amministrazioneEntiConvenzionati/dettaglioTariffario";"toolbar/update";"Salva modifica tariffario"
"SACER_IAM";"/amministrazioneEntiConvenzionati/dettaglioTipoAccordo";"button/AmministrazioneTipiAccordoForm#TipoAccordoDetail/logEventi";"Log eventi"
"SACER_IAM";"/amministrazioneEntiConvenzionati/dettaglioTipoAccordo";"detail/AmministrazioneTipiAccordoForm#ListaTariffario/delete";"Elimina tariffario ammesso"
"SACER_IAM";"/amministrazioneEntiConvenzionati/dettaglioTipoAccordo";"detail/AmministrazioneTipiAccordoForm#ListaTariffario/edit";"Modifica tariffario ammesso"
"SACER_IAM";"/amministrazioneEntiConvenzionati/dettaglioTipoAccordo";"detail/AmministrazioneTipiAccordoForm#ListaTariffario/insert";"Inserisci tariffario ammesso"
"SACER_IAM";"/amministrazioneEntiConvenzionati/dettaglioTipoAccordo";"detail/AmministrazioneTipiAccordoForm#ListaTariffario/view";"Visualizza tariffario ammesso"
"SACER_IAM";"/amministrazioneEntiConvenzionati/dettaglioTipoAccordo";"toolbar/delete";"Elimina tipo accordo"
"SACER_IAM";"/amministrazioneEntiConvenzionati/dettaglioTipoAccordo";"toolbar/edit";"Modifica tipo accordo"
"SACER_IAM";"/amministrazioneEntiConvenzionati/dettaglioTipoAccordo";"toolbar/insert";"Salva tipo accordo"
"SACER_IAM";"/amministrazioneEntiConvenzionati/dettaglioTipoAccordo";"toolbar/update";"Salva modifica tipo accordo"
"SACER_IAM";"/amministrazioneEntiConvenzionati/dettaglioTipoServizio";"button/AmministrazioneTipiServizioForm#TipoServizioDetail/logEventi";"Log eventi"
"SACER_IAM";"/amministrazioneEntiConvenzionati/dettaglioTipoServizio";"detail/AmministrazioneTipiServizioForm#ListaTariffeTipoServizio/view";"Visualizza tariffa tipo servizio"
"SACER_IAM";"/amministrazioneEntiConvenzionati/dettaglioTipoServizio";"toolbar/delete";"Elimina tipo servizio"
"SACER_IAM";"/amministrazioneEntiConvenzionati/dettaglioTipoServizio";"toolbar/edit";"Modifica tipo servizio"
"SACER_IAM";"/amministrazioneEntiConvenzionati/dettaglioTipoServizio";"toolbar/insert";"Salva tipo servizio"
"SACER_IAM";"/amministrazioneEntiConvenzionati/dettaglioTipoServizio";"toolbar/update";"Salva modifica tipo servizio"
"SACER_IAM";"/amministrazioneEntiConvenzionati/dettaglioVariazioneAccordo";"button/AmministrazioneEntiConvenzionatiForm#GestioneAccordoDetail/downloadFileGestAccordo";"Download file gestione accordo"
"SACER_IAM";"/amministrazioneEntiConvenzionati/dettaglioVariazioneAccordo";"button/AmministrazioneEntiConvenzionatiForm#GestioneAccordoDetail/visualizzaRispGestAccordo";"Visualizza risposta gestione accordo"
"SACER_IAM";"/amministrazioneEntiConvenzionati/dettaglioVariazioneAccordo";"button/AmministrazioneEntiConvenzionatiForm#UdButtonList/scaricaCompFileUdGestAccordo";"Scarica file unità documentaria"
"SACER_IAM";"/amministrazioneEntiConvenzionati/dettaglioVariazioneAccordo";"toolbar/delete";"Elimina gestione accordo"
"SACER_IAM";"/amministrazioneEntiConvenzionati/dettaglioVariazioneAccordo";"toolbar/edit";"Modifica gestione accordo"
"SACER_IAM";"/amministrazioneEntiConvenzionati/dettaglioVariazioneAccordo";"toolbar/insert";"Salva gestione accordo"
"SACER_IAM";"/amministrazioneEntiConvenzionati/dettaglioVariazioneAccordo";"toolbar/update";"Salva modifica gestione accordo"
"SACER_IAM";"/amministrazioneEntiConvenzionati/ricercaAccordi";"button/AmministrazioneEntiConvenzionatiForm#FiltriAccordi/annualitaSenzaAttoAccordi";"Annualità senza atto"
"SACER_IAM";"/amministrazioneEntiConvenzionati/ricercaAccordi";"button/AmministrazioneEntiConvenzionatiForm#FiltriAccordi/pulisciRicercaAccordi";"Pulisci ricerca accordi"
"SACER_IAM";"/amministrazioneEntiConvenzionati/ricercaAccordi";"button/AmministrazioneEntiConvenzionatiForm#FiltriAccordi/reportStorageExtraRer";"Report storage extra RER"
"SACER_IAM";"/amministrazioneEntiConvenzionati/ricercaAccordi";"button/AmministrazioneEntiConvenzionatiForm#FiltriAccordi/ricercaAccordi";"Ricerca accordi"
"SACER_IAM";"/amministrazioneEntiConvenzionati/ricercaAccordi";"detail/AmministrazioneEntiConvenzionatiForm#ListaAccordi/view";"Visualizza accordo"
"SACER_IAM";"/amministrazioneEntiConvenzionati/ricercaAmbienti";"button/AmministrazioneEntiConvenzionatiForm#FiltriAmbientiEntiConvenzionati/ricercaAmbienti";"Ricerca ambienti"
"SACER_IAM";"/amministrazioneEntiConvenzionati/ricercaAmbienti";"detail/AmministrazioneEntiConvenzionatiForm#ListaAmbientiEntiConvenzionati/delete";"Cancella ambiente ente convenzionato"
"SACER_IAM";"/amministrazioneEntiConvenzionati/ricercaAmbienti";"detail/AmministrazioneEntiConvenzionatiForm#ListaAmbientiEntiConvenzionati/edit";"Modifica ambiente ente convenzionato"
"SACER_IAM";"/amministrazioneEntiConvenzionati/ricercaAmbienti";"detail/AmministrazioneEntiConvenzionatiForm#ListaAmbientiEntiConvenzionati/insert";"Inserisci ambiente ente convenzionato"
"SACER_IAM";"/amministrazioneEntiConvenzionati/ricercaAmbienti";"detail/AmministrazioneEntiConvenzionatiForm#ListaAmbientiEntiConvenzionati/view";"Visualizza ambiente ente convenzionato"
"SACER_IAM";"/amministrazioneEntiConvenzionati/ricercaClasseEnteConvenzionato";"button/AmministrazioneClasseEnteForm#FiltriClassiEnti/ricercaClassiEnti";"Ricerca classi enti"
"SACER_IAM";"/amministrazioneEntiConvenzionati/ricercaCollegamenti";"button/AmministrazioneEntiConvenzionatiForm#FiltriCollegamenti/ricercaCollegamenti";"Ricerca collegamenti"
"SACER_IAM";"/amministrazioneEntiConvenzionati/ricercaCollegamenti";"detail/AmministrazioneEntiConvenzionatiForm#CollegamentiEnteList/delete";"Elimina collegamento"
"SACER_IAM";"/amministrazioneEntiConvenzionati/ricercaCollegamenti";"detail/AmministrazioneEntiConvenzionatiForm#CollegamentiEnteList/edit";"Modifica collegamento"
"SACER_IAM";"/amministrazioneEntiConvenzionati/ricercaCollegamenti";"detail/AmministrazioneEntiConvenzionatiForm#CollegamentiEnteList/insert";"Inserisci collegamento"
"SACER_IAM";"/amministrazioneEntiConvenzionati/ricercaCollegamenti";"detail/AmministrazioneEntiConvenzionatiForm#CollegamentiEnteList/view";"Visualizza collegamento"
"SACER_IAM";"/amministrazioneEntiConvenzionati/ricercaEntiConvenzionati";"button/AmministrazioneEntiConvenzionatiForm#FattureProvvisorieFields/calcoloFattureProvvisorie";"Calcola fatture provvisorie"
"SACER_IAM";"/amministrazioneEntiConvenzionati/ricercaEntiConvenzionati";"button/AmministrazioneEntiConvenzionatiForm#FiltriEntiConvenzionati/annualitaSenzaAtto";"Annualità senza atto"
"SACER_IAM";"/amministrazioneEntiConvenzionati/ricercaEntiConvenzionati";"button/AmministrazioneEntiConvenzionatiForm#FiltriEntiConvenzionati/inserisciEnteConvenzionatoWizard";"Inserisci ente convenzionato"
"SACER_IAM";"/amministrazioneEntiConvenzionati/ricercaEntiConvenzionati";"button/AmministrazioneEntiConvenzionatiForm#FiltriEntiConvenzionati/pulisciRicercaEntiConvenzionati";"Pulisci ricerca enti convenzionati"
"SACER_IAM";"/amministrazioneEntiConvenzionati/ricercaEntiConvenzionati";"button/AmministrazioneEntiConvenzionatiForm#FiltriEntiConvenzionati/ricercaEntiConvenzionati";"Ricerca enti convenzionati"
"SACER_IAM";"/amministrazioneEntiConvenzionati/ricercaEntiConvenzionati";"button/AmministrazioneEntiConvenzionatiForm#RiemissioneFattureFields/riemettiFattureStornate";"Riemissione fatture stornate"
"SACER_IAM";"/amministrazioneEntiConvenzionati/ricercaEntiConvenzionati";"detail/AmministrazioneEntiConvenzionatiForm#ListaEntiConvenzionati/delete";"Elimina ente convenzionato"
"SACER_IAM";"/amministrazioneEntiConvenzionati/ricercaEntiConvenzionati";"detail/AmministrazioneEntiConvenzionatiForm#ListaEntiConvenzionati/edit";"Modifica ente convenzionato"
"SACER_IAM";"/amministrazioneEntiConvenzionati/ricercaEntiConvenzionati";"detail/AmministrazioneEntiConvenzionatiForm#ListaEntiConvenzionati/insert";"Inserisci ente convenzionato"
"SACER_IAM";"/amministrazioneEntiConvenzionati/ricercaEntiConvenzionati";"detail/AmministrazioneEntiConvenzionatiForm#ListaEntiConvenzionati/view";"Visualizza ente convenzionato"
"SACER_IAM";"/amministrazioneEntiConvenzionati/ricercaFatture";"button/GestioneFatturazioneServiziForm#FiltriFattura/cambiaStatoFatture";"Cambia stato fatture"
"SACER_IAM";"/amministrazioneEntiConvenzionati/ricercaFatture";"button/GestioneFatturazioneServiziForm#FiltriFattura/estraiRigheFattureDaRicerca";"Estrai righe fatture da ricerca"
"SACER_IAM";"/amministrazioneEntiConvenzionati/ricercaFatture";"button/GestioneFatturazioneServiziForm#FiltriFattura/estraiRigheFattureTotali";"Estrai righe fatture totali"
"SACER_IAM";"/amministrazioneEntiConvenzionati/ricercaFatture";"button/GestioneFatturazioneServiziForm#FiltriFattura/ricercaFattura";"Ricerca fattura"
"SACER_IAM";"/amministrazioneEntiConvenzionati/ricercaFatture";"detail/GestioneFatturazioneServiziForm#ListaFatture/delete";"Elimina fattura"
"SACER_IAM";"/amministrazioneEntiConvenzionati/ricercaFatture";"detail/GestioneFatturazioneServiziForm#ListaFatture/edit";"Modifica fattura"
"SACER_IAM";"/amministrazioneEntiConvenzionati/ricercaFatture";"detail/GestioneFatturazioneServiziForm#ListaFatture/view";"Visualizza fattura"
"SACER_IAM";"/amministrazioneEntiConvenzionati/ricercaTariffari";"button/AmministrazioneTariffariForm#FiltriTariffari/ricercaTariffari";"Ricerca tariffari"
"SACER_IAM";"/amministrazioneEntiConvenzionati/ricercaTariffari";"detail/AmministrazioneTariffariForm#ListaTariffario/delete";"Elimina tariffario"
"SACER_IAM";"/amministrazioneEntiConvenzionati/ricercaTariffari";"detail/AmministrazioneTariffariForm#ListaTariffario/edit";"Modifica tariffario"
"SACER_IAM";"/amministrazioneEntiConvenzionati/ricercaTariffari";"detail/AmministrazioneTariffariForm#ListaTariffario/insert";"Inserisci tariffario"
"SACER_IAM";"/amministrazioneEntiConvenzionati/ricercaTariffari";"detail/AmministrazioneTariffariForm#ListaTariffario/view";"Visualizza tariffario"
"SACER_IAM";"/amministrazioneEntiConvenzionati/ricercaTipiAccordo";"button/AmministrazioneTipiAccordoForm#FiltriTipiAccordi/ricercaTipiAccordi";"Ricerca tipi accordi"
"SACER_IAM";"/amministrazioneEntiConvenzionati/ricercaTipiAccordo";"detail/AmministrazioneTipiAccordoForm#ListaTipiAccordo/delete";"Elimina tipo accordo"
"SACER_IAM";"/amministrazioneEntiConvenzionati/ricercaTipiAccordo";"detail/AmministrazioneTipiAccordoForm#ListaTipiAccordo/edit";"Modifica tipo accordo"
"SACER_IAM";"/amministrazioneEntiConvenzionati/ricercaTipiAccordo";"detail/AmministrazioneTipiAccordoForm#ListaTipiAccordo/insert";"Inserisci tipo accordo"
"SACER_IAM";"/amministrazioneEntiConvenzionati/ricercaTipiAccordo";"detail/AmministrazioneTipiAccordoForm#ListaTipiAccordo/view";"Visualizza tipo accordo"
"SACER_IAM";"/amministrazioneEntiConvenzionati/ricercaTipiServizio";"button/AmministrazioneTipiServizioForm#FiltriTipiServizio/ricercaTipiServizio";"Ricerca tipi servizio"
"SACER_IAM";"/amministrazioneEntiConvenzionati/ricercaTipiServizio";"detail/AmministrazioneTipiServizioForm#ListaTipiServizio/delete";"Elimina tipo servizio"
"SACER_IAM";"/amministrazioneEntiConvenzionati/ricercaTipiServizio";"detail/AmministrazioneTipiServizioForm#ListaTipiServizio/edit";"Modifica tipo servizio"
"SACER_IAM";"/amministrazioneEntiConvenzionati/ricercaTipiServizio";"detail/AmministrazioneTipiServizioForm#ListaTipiServizio/insert";"Inserisci tipo servizio"
"SACER_IAM";"/amministrazioneEntiConvenzionati/ricercaTipiServizio";"detail/AmministrazioneTipiServizioForm#ListaTipiServizio/view";"Visualizza tipo servizio"
"SACER_IAM";"/amministrazioneEntiNonConvenzionati/dettaglioAccordoVigil";"button/AmministrazioneEntiNonConvenzionatiForm#UdButtonList/scaricaCompFileUdAccordo";"Scarica file unità documentaria"
"SACER_IAM";"/amministrazioneEntiNonConvenzionati/dettaglioAccordoVigil";"detail/AmministrazioneEntiNonConvenzionatiForm#EntiVigilatiList/delete";"Elimina vigilanza all'ente"
"SACER_IAM";"/amministrazioneEntiNonConvenzionati/dettaglioAccordoVigil";"detail/AmministrazioneEntiNonConvenzionatiForm#EntiVigilatiList/edit";"Modifica vigilanza all'ente"
"SACER_IAM";"/amministrazioneEntiNonConvenzionati/dettaglioAccordoVigil";"detail/AmministrazioneEntiNonConvenzionatiForm#EntiVigilatiList/insert";"Inserisci vigilanza all'ente"
"SACER_IAM";"/amministrazioneEntiNonConvenzionati/dettaglioAccordoVigil";"detail/AmministrazioneEntiNonConvenzionatiForm#EntiVigilatiList/view";"Visualizza vigilanza all'ente"
"SACER_IAM";"/amministrazioneEntiNonConvenzionati/dettaglioAccordoVigil";"toolbar/edit";"Modifica accordo di vigilanza"
"SACER_IAM";"/amministrazioneEntiNonConvenzionati/dettaglioAccordoVigil";"toolbar/insert";"Salva accordo di vigilanza"
"SACER_IAM";"/amministrazioneEntiNonConvenzionati/dettaglioAccordoVigil";"toolbar/update";"Salva modifica accordo di vigilanza"
"SACER_IAM";"/amministrazioneEntiNonConvenzionati/dettaglioEnteNonConvenzionato";"button/AmministrazioneEntiNonConvenzionatiForm#EnteNonConvenzionatoDetail/logEventi";"Log eventi"
"SACER_IAM";"/amministrazioneEntiNonConvenzionati/dettaglioEnteNonConvenzionato";"detail/AmministrazioneEntiNonConvenzionatiForm#AccordiVigilList/edit";"Modifica accordo di vigilanza"
"SACER_IAM";"/amministrazioneEntiNonConvenzionati/dettaglioEnteNonConvenzionato";"detail/AmministrazioneEntiNonConvenzionatiForm#AccordiVigilList/insert";"Inserisci accordo di vigilanza"
"SACER_IAM";"/amministrazioneEntiNonConvenzionati/dettaglioEnteNonConvenzionato";"detail/AmministrazioneEntiNonConvenzionatiForm#AccordiVigilList/view";"Visualizza accordo di vigilanza"
"SACER_IAM";"/amministrazioneEntiNonConvenzionati/dettaglioEnteNonConvenzionato";"detail/AmministrazioneEntiNonConvenzionatiForm#EntiSupportatiList/delete";"Elimina supporto al fornitore"
"SACER_IAM";"/amministrazioneEntiNonConvenzionati/dettaglioEnteNonConvenzionato";"detail/AmministrazioneEntiNonConvenzionatiForm#EntiSupportatiList/edit";"Modifica supporto al fornitore"
"SACER_IAM";"/amministrazioneEntiNonConvenzionati/dettaglioEnteNonConvenzionato";"detail/AmministrazioneEntiNonConvenzionatiForm#EntiSupportatiList/insert";"Inserisci supporto al fornitore"
"SACER_IAM";"/amministrazioneEntiNonConvenzionati/dettaglioEnteNonConvenzionato";"detail/AmministrazioneEntiNonConvenzionatiForm#EntiSupportatiList/view";"Visualizza supporto al fornitore"
"SACER_IAM";"/amministrazioneEntiNonConvenzionati/dettaglioEnteNonConvenzionato";"detail/AmministrazioneEntiNonConvenzionatiForm#ReferentiEnteList/delete";"Elimina referente ente"
"SACER_IAM";"/amministrazioneEntiNonConvenzionati/dettaglioEnteNonConvenzionato";"detail/AmministrazioneEntiNonConvenzionatiForm#ReferentiEnteList/edit";"Modifica referente ente"
"SACER_IAM";"/amministrazioneEntiNonConvenzionati/dettaglioEnteNonConvenzionato";"detail/AmministrazioneEntiNonConvenzionatiForm#ReferentiEnteList/insert";"Inserisci referente ente"
"SACER_IAM";"/amministrazioneEntiNonConvenzionati/dettaglioEnteNonConvenzionato";"detail/AmministrazioneEntiNonConvenzionatiForm#ReferentiEnteList/view";"Visualizza referente ente"
"SACER_IAM";"/amministrazioneEntiNonConvenzionati/dettaglioEnteNonConvenzionato";"detail/AmministrazioneEntiNonConvenzionatiForm#UtentiArchivistiList/delete";"Elimina archivista di riferimento"
"SACER_IAM";"/amministrazioneEntiNonConvenzionati/dettaglioEnteNonConvenzionato";"detail/AmministrazioneEntiNonConvenzionatiForm#UtentiArchivistiList/edit";"Modifica archivista di riferimento"
"SACER_IAM";"/amministrazioneEntiNonConvenzionati/dettaglioEnteNonConvenzionato";"detail/AmministrazioneEntiNonConvenzionatiForm#UtentiArchivistiList/insert";"Inserisci archivista di riferimento"
"SACER_IAM";"/amministrazioneEntiNonConvenzionati/dettaglioEnteNonConvenzionato";"detail/AmministrazioneEntiNonConvenzionatiForm#UtentiArchivistiList/view";"Visualizza archivista di riferimento"
"SACER_IAM";"/amministrazioneEntiNonConvenzionati/dettaglioEnteNonConvenzionato";"toolbar/edit";"Modifica ente non convenzionato"
"SACER_IAM";"/amministrazioneEntiNonConvenzionati/dettaglioEnteNonConvenzionato";"toolbar/insert";"Salva ente non convenzionato"
"SACER_IAM";"/amministrazioneEntiNonConvenzionati/dettaglioEnteNonConvenzionato";"toolbar/update";"Salva modifica ente non convenzionato"
"SACER_IAM";"/amministrazioneEntiNonConvenzionati/dettaglioEnteSupt";"toolbar/delete";"Elimina ente supportato"
"SACER_IAM";"/amministrazioneEntiNonConvenzionati/dettaglioEnteSupt";"toolbar/edit";"Modifica ente supportato"
"SACER_IAM";"/amministrazioneEntiNonConvenzionati/dettaglioEnteSupt";"toolbar/insert";"Salva ente supportato"
"SACER_IAM";"/amministrazioneEntiNonConvenzionati/dettaglioEnteSupt";"toolbar/update";"Salva modifica ente supportato"
"SACER_IAM";"/amministrazioneEntiNonConvenzionati/dettaglioEnteVigilato";"toolbar/delete";"Elimina ente vigilato"
"SACER_IAM";"/amministrazioneEntiNonConvenzionati/dettaglioEnteVigilato";"toolbar/edit";"Modifica ente vigilato"
"SACER_IAM";"/amministrazioneEntiNonConvenzionati/dettaglioEnteVigilato";"toolbar/insert";"Salva ente vigilato"
"SACER_IAM";"/amministrazioneEntiNonConvenzionati/dettaglioEnteVigilato";"toolbar/update";"Salva modifica ente vigilato"
"SACER_IAM";"/amministrazioneEntiNonConvenzionati/ricercaEntiNonConvenzionati";"button/AmministrazioneEntiNonConvenzionatiForm#FiltriEntiNonConvenzionati/pulisciRicerca";"Pulisci ricerca enti non convenzionati"
"SACER_IAM";"/amministrazioneEntiNonConvenzionati/ricercaEntiNonConvenzionati";"button/AmministrazioneEntiNonConvenzionatiForm#FiltriEntiNonConvenzionati/ricercaEntiNonConvenz";"Ricerca enti non convenzionati"
"SACER_IAM";"/amministrazioneEntiNonConvenzionati/ricercaEntiNonConvenzionati";"detail/AmministrazioneEntiNonConvenzionatiForm#ListaEntiNonConvenzionati/edit";"Modifica ente non convenzionato"
"SACER_IAM";"/amministrazioneEntiNonConvenzionati/ricercaEntiNonConvenzionati";"detail/AmministrazioneEntiNonConvenzionatiForm#ListaEntiNonConvenzionati/insert";"Inserisci ente non convenzionato"
"SACER_IAM";"/amministrazioneEntiNonConvenzionati/ricercaEntiNonConvenzionati";"detail/AmministrazioneEntiNonConvenzionatiForm#ListaEntiNonConvenzionati/view";"Visualizza ente non convenzionato"
"SACER_IAM";"/amministrazioneSistema/allineaComponenti";"button/AllineaComponentiForm#Bottoni/attivaAllineamento";"Attiva allineamento componenti"
"SACER_IAM";"/amministrazioneSistema/dettaglioHelpOnLine";"button/GestioneHelpOnLineForm#DettaglioHelpOnLine/downloadFile";"Download file sorgente dell'Help"
"SACER_IAM";"/amministrazioneSistema/dettaglioHelpOnLine";"button/GestioneHelpOnLineForm#DettaglioHelpOnLine/preview";"Esegui la preview dell'Help"
"SACER_IAM";"/amministrazioneSistema/dettaglioHelpOnLine";"toolbar/delete";"Elimina help online"
"SACER_IAM";"/amministrazioneSistema/dettaglioHelpOnLine";"toolbar/edit";"Modifica help online"
"SACER_IAM";"/amministrazioneSistema/dettaglioHelpOnLine";"toolbar/insert";"Salva help online"
"SACER_IAM";"/amministrazioneSistema/dettaglioNews";"button/GestioneNewsForm#ApplicazioniFields/aggiungiApplicazione";"Aggiungi applicazione"
"SACER_IAM";"/amministrazioneSistema/dettaglioNews";"detail/GestioneNewsForm#ApplicazioniList/delete";"Elimina applicazione"
"SACER_IAM";"/amministrazioneSistema/dettaglioNews";"toolbar/delete";"Elimina news"
"SACER_IAM";"/amministrazioneSistema/dettaglioNews";"toolbar/edit";"Modifica news"
"SACER_IAM";"/amministrazioneSistema/dettaglioNoteRilascio";"detail/GestioneNoteRilascioForm#NoteRilascioPrecedentiList/view";"Visualizza nota di rilascio precedente"
"SACER_IAM";"/amministrazioneSistema/dettaglioNoteRilascio";"toolbar/delete";"Elimina nota di rilascio"
"SACER_IAM";"/amministrazioneSistema/dettaglioNoteRilascio";"toolbar/edit";"Modifica nota di rilascio"
"SACER_IAM";"/amministrazioneSistema/gestioneAmbitoTerritoriale";"button/GestioneAmbitoTerritorialeForm#AmbitoTerritoriale/salvaAmbitoTerritoriale";"Salva ambito territoriale"
"SACER_IAM";"/amministrazioneSistema/gestioneAmbitoTerritoriale";"button/GestioneAmbitoTerritorialeForm#GestAmbTree/gestAmbTree_createBtn";"Inserisci nuovo nodo ambito territoriale"
"SACER_IAM";"/amministrazioneSistema/gestioneAmbitoTerritoriale";"button/GestioneAmbitoTerritorialeForm#GestAmbTree/gestAmbTree_deleteBtn";"Cancella nodo ambito territoriale"
"SACER_IAM";"/amministrazioneSistema/gestioneAmbitoTerritoriale";"button/GestioneAmbitoTerritorialeForm#GestAmbTree/gestAmbTree_renameBtn";"Modifica nodo ambito territoriale"
"SACER_IAM";"/amministrazioneSistema/gestioneHelpOnLine";"button/GestioneHelpOnLineForm#FiltriHelpOnLine/ricercaHelpOnLine";"Esegui la ricerca dell'Help"
"SACER_IAM";"/amministrazioneSistema/gestioneHelpOnLine";"detail/GestioneHelpOnLineForm#ListaHelpOnLine/delete";"Elimina help online"
"SACER_IAM";"/amministrazioneSistema/gestioneHelpOnLine";"detail/GestioneHelpOnLineForm#ListaHelpOnLine/edit";"Modifica help online"
"SACER_IAM";"/amministrazioneSistema/gestioneHelpOnLine";"detail/GestioneHelpOnLineForm#ListaHelpOnLine/insert";"Inserisci help online"
"SACER_IAM";"/amministrazioneSistema/gestioneHelpOnLine";"detail/GestioneHelpOnLineForm#ListaHelpOnLine/view";"Visualizza help online"
"SACER_IAM";"/amministrazioneSistema/gestioneJobRicerca";"button/GestioneJobForm#GestioneJobInfo/disabilitaAllJobs";"Disabilita tutti i job"
"SACER_IAM";"/amministrazioneSistema/gestioneJobRicerca";"button/GestioneJobForm#GestioneJobInfo/ricaricaGestioneJob";"Ricarica gestione job"
"SACER_IAM";"/amministrazioneSistema/gestioneJobRicerca";"button/GestioneJobForm#GestioneJobInfo/salvaFotoGestioneJob";"Salva foto gestione job"
"SACER_IAM";"/amministrazioneSistema/gestioneJobRicerca";"button/GestioneJobForm#GestioneJobInfo2/ripristinaFotoGestioneJob";"Ripristina foto job"
"SACER_IAM";"/amministrazioneSistema/gestioneJobRicerca";"button/GestioneJobForm#GestioneJobRicercaFiltri/esecuzioneSingolaMassivaGestioneJob";"Esecuzione singola massiva job"
"SACER_IAM";"/amministrazioneSistema/gestioneJobRicerca";"button/GestioneJobForm#GestioneJobRicercaFiltri/ricercaGestioneJob";"Ricerca job"
"SACER_IAM";"/amministrazioneSistema/gestioneJobRicerca";"button/GestioneJobForm#GestioneJobRicercaFiltri/startMassivoGestioneJob";"Start massivo job"
"SACER_IAM";"/amministrazioneSistema/gestioneJobRicerca";"button/GestioneJobForm#GestioneJobRicercaFiltri/stopMassivoGestioneJob";"Stop massivo job"
"SACER_IAM";"/amministrazioneSistema/gestioneJobRicerca";"detail/GestioneJobForm#GestioneJobRicercaInfo/totJobAttiviOperation";"Filtra totale job attivi"
"SACER_IAM";"/amministrazioneSistema/gestioneJobRicerca";"detail/GestioneJobForm#GestioneJobRicercaInfo/totJobDisattiviOperation";"Filtra totale job disattivi"
"SACER_IAM";"/amministrazioneSistema/gestioneJobRicerca";"detail/GestioneJobForm#GestioneJobRicercaInfo/totJobOperation";"Filtri totale job"
"SACER_IAM";"/amministrazioneSistema/gestioneJobRicerca";"detail/GestioneJobForm#GestioneJobRicercaList/apriVisualizzaSchedulazioniJob";"Visualizza schedulazioni Job"
"SACER_IAM";"/amministrazioneSistema/gestioneJobRicerca";"detail/GestioneJobForm#GestioneJobRicercaList/esecuzioneSingolaGestioneJobOperation";"Esecuzione singola job"
"SACER_IAM";"/amministrazioneSistema/gestioneJobRicerca";"detail/GestioneJobForm#GestioneJobRicercaList/startGestioneJobOperation";"Start job"
"SACER_IAM";"/amministrazioneSistema/gestioneJobRicerca";"detail/GestioneJobForm#GestioneJobRicercaList/stopGestioneJobOperation";"Stop job"
"SACER_IAM";"/amministrazioneSistema/registroParametri";"button/AmministrazioneEntiConvenzionatiForm#Configuration/add_config";"Aggiungi parametro"
"SACER_IAM";"/amministrazioneSistema/registroParametri";"button/AmministrazioneEntiConvenzionatiForm#Configuration/edit_config";"Modifica parametri"
"SACER_IAM";"/amministrazioneSistema/registroParametri";"button/AmministrazioneEntiConvenzionatiForm#Configuration/load_config_list";"Carica parametri"
"SACER_IAM";"/amministrazioneSistema/registroParametri";"button/AmministrazioneEntiConvenzionatiForm#Configuration/save_config";"Salva parametri"
"SACER_IAM";"/amministrazioneSistema/registroParametri";"detail/AmministrazioneEntiConvenzionatiForm#ConfigurationList/delete";"Cancella parametro"
"SACER_IAM";"/amministrazioneSistema/ricercaNews";"button/GestioneNewsForm#FiltriNews/ricercaNews";"Ricerca news"
"SACER_IAM";"/amministrazioneSistema/ricercaNews";"detail/GestioneNewsForm#ListaNews/delete";"Elimina news"
"SACER_IAM";"/amministrazioneSistema/ricercaNews";"detail/GestioneNewsForm#ListaNews/edit";"Modifica news"
"SACER_IAM";"/amministrazioneSistema/ricercaNews";"detail/GestioneNewsForm#ListaNews/insert";"Inserisci news"
"SACER_IAM";"/amministrazioneSistema/ricercaNews";"detail/GestioneNewsForm#ListaNews/view";"Visualizza news"
"SACER_IAM";"/amministrazioneSistema/ricercaNoteRilascio";"button/GestioneNoteRilascioForm#FiltriNoteRilascio/ricercaNoteRilascio";"Ricerca note di rilascio"
"SACER_IAM";"/amministrazioneSistema/ricercaNoteRilascio";"detail/GestioneNoteRilascioForm#ListaNoteRilascio/delete";"Elimina note di rilascio"
"SACER_IAM";"/amministrazioneSistema/ricercaNoteRilascio";"detail/GestioneNoteRilascioForm#ListaNoteRilascio/edit";"Modifica note di rilascio"
"SACER_IAM";"/amministrazioneSistema/ricercaNoteRilascio";"detail/GestioneNoteRilascioForm#ListaNoteRilascio/insert";"Inserisci note di rilascio"
"SACER_IAM";"/amministrazioneSistema/ricercaNoteRilascio";"detail/GestioneNoteRilascioForm#ListaNoteRilascio/view";"Visualizza note di rilascio"
"SACER_IAM";"/amministrazioneUtenti/dettaglioAzione";"button/AmministrazioneUtentiForm#AzioneDetail/rimuoviUtenteAzione";"Rimuovi utente azione"
"SACER_IAM";"/amministrazioneUtenti/dettaglioAzione";"button/AmministrazioneUtentiForm#AzioneDetail/selezionaUtenteAzione";"Seleziona utente azione"
"SACER_IAM";"/amministrazioneUtenti/dettaglioAzione";"toolbar/delete";"Elimina azione"
"SACER_IAM";"/amministrazioneUtenti/dettaglioAzione";"toolbar/edit";"Modifica azione"
"SACER_IAM";"/amministrazioneUtenti/dettaglioAzione";"toolbar/insert";"Salva azione"
"SACER_IAM";"/amministrazioneUtenti/dettaglioAzione";"toolbar/update";"Salva modifica azione"
"SACER_IAM";"/amministrazioneUtenti/dettaglioRichiesta";"button/AmministrazioneUtentiForm#RichiestaDetail/logEventiRichiesta";"Log eventi richiesta"
"SACER_IAM";"/amministrazioneUtenti/dettaglioRichiesta";"button/AmministrazioneUtentiForm#RichiestaDetail/richiestaCompletata";"Richiesta completata"
"SACER_IAM";"/amministrazioneUtenti/dettaglioRichiesta";"button/AmministrazioneUtentiForm#RichiestaDetail/salvaRichiesta";"Salva richiesta da Richiesta configurazione utenti"
"SACER_IAM";"/amministrazioneUtenti/dettaglioRichiesta";"button/AmministrazioneUtentiForm#RichiestaDetail/scaricaFileRichiesta";"Scarica file richiesta"
"SACER_IAM";"/amministrazioneUtenti/dettaglioRichiesta";"button/AmministrazioneUtentiForm#UdButtonList/scaricaCompFileUdRichiesta";"Scarica file unità documentaria"
"SACER_IAM";"/amministrazioneUtenti/dettaglioRichiesta";"detail/AmministrazioneUtentiForm#AzioniList/delete";"Elimina azione"
"SACER_IAM";"/amministrazioneUtenti/dettaglioRichiesta";"detail/AmministrazioneUtentiForm#AzioniList/edit";"Modifica azione"
"SACER_IAM";"/amministrazioneUtenti/dettaglioRichiesta";"detail/AmministrazioneUtentiForm#AzioniList/eseguiAzione";"Esegui azione"
"SACER_IAM";"/amministrazioneUtenti/dettaglioRichiesta";"detail/AmministrazioneUtentiForm#AzioniList/insert";"Inserisci azione"
"SACER_IAM";"/amministrazioneUtenti/dettaglioRichiesta";"detail/AmministrazioneUtentiForm#AzioniList/view";"Visualizza azione"
"SACER_IAM";"/amministrazioneUtenti/dettaglioRichiesta";"toolbar/delete";"Elimina richiesta"
"SACER_IAM";"/amministrazioneUtenti/dettaglioRichiesta";"toolbar/edit";"Modifica richiesta"
"SACER_IAM";"/amministrazioneUtenti/dettaglioRichiesta";"toolbar/insert";"Salva richiesta"
"SACER_IAM";"/amministrazioneUtenti/dettaglioRichiesta";"toolbar/update";"Salva modifica richiesta"
"SACER_IAM";"/amministrazioneUtenti/dettaglioRuolo";"button/AmministrazioneRuoliForm#DettaglioRuolo/allineaRuolo1";"Allinea ruolo su ambiente 1"
"SACER_IAM";"/amministrazioneUtenti/dettaglioRuolo";"button/AmministrazioneRuoliForm#DettaglioRuolo/allineaRuolo2";"Allinea ruolo su ambiente 2"
"SACER_IAM";"/amministrazioneUtenti/dettaglioRuolo";"button/AmministrazioneRuoliForm#DettaglioRuolo/logEventi";"Log eventi"
"SACER_IAM";"/amministrazioneUtenti/dettaglioRuolo";"button/AmministrazioneRuoliForm#DettaglioRuolo/showList";"Visualizza lista/albero di abilitazioni"
"SACER_IAM";"/amministrazioneUtenti/dettaglioRuolo";"toolbar/delete";"Elimina ruolo"
"SACER_IAM";"/amministrazioneUtenti/dettaglioRuolo";"toolbar/edit";"Modifica ruolo"
"SACER_IAM";"/amministrazioneUtenti/dettaglioRuoloWizard";"button/AmministrazioneRuoliForm#ApplicazioniFields/aggiungiApplicazione";"Aggiungi applicazione"
"SACER_IAM";"/amministrazioneUtenti/dettaglioRuoloWizard";"button/AmministrazioneRuoliForm#CategorieFields/aggiungiCategoria";"Aggiungi categoria"
"SACER_IAM";"/amministrazioneUtenti/dettaglioRuoloWizard";"button/AmministrazioneRuoliForm#DichAutorFields/add_row_to_list";"Aggiungi dichiarazione"
"SACER_IAM";"/amministrazioneUtenti/dettaglioRuoloWizard";"button/AmministrazioneRuoliForm#TreeButtonList/checkAll";"Seleziona tutti i nodi dell'albero di ruoli"
"SACER_IAM";"/amministrazioneUtenti/dettaglioRuoloWizard";"button/AmministrazioneRuoliForm#TreeButtonList/collapseAll";"Contrai tutti i nodi dell'albero di ruoli"
"SACER_IAM";"/amministrazioneUtenti/dettaglioRuoloWizard";"button/AmministrazioneRuoliForm#TreeButtonList/expandAll";"Espandi tutti i nodi dell'albero di ruoli"
"SACER_IAM";"/amministrazioneUtenti/dettaglioRuoloWizard";"button/AmministrazioneRuoliForm#TreeButtonList/uncheckAll";"Deseleziona tutti i nodi dell'albero di ruoli"
"SACER_IAM";"/amministrazioneUtenti/dettaglioRuoloWizard";"detail/AmministrazioneRuoliForm#ApplicazioniList/delete";"Elimina applicazione"
"SACER_IAM";"/amministrazioneUtenti/dettaglioRuoloWizard";"detail/AmministrazioneRuoliForm#CategorieList/delete";"Elimina categoria"
"SACER_IAM";"/amministrazioneUtenti/dettaglioRuoloWizard";"detail/AmministrazioneRuoliForm#DichAzioniList/delete";"Elimina dichiarazione azione"
"SACER_IAM";"/amministrazioneUtenti/dettaglioRuoloWizard";"detail/AmministrazioneRuoliForm#DichMenuList/delete";"Elimina dichiarazione entrata menu"
"SACER_IAM";"/amministrazioneUtenti/dettaglioRuoloWizard";"detail/AmministrazioneRuoliForm#DichPagineList/delete";"Elimina dichiarazione pagina"
"SACER_IAM";"/amministrazioneUtenti/dettaglioRuoloWizard";"detail/AmministrazioneRuoliForm#DichServiziList/delete";"Elimina dichiarazione servizio"
"SACER_IAM";"/amministrazioneUtenti/dettaglioRuoloWizard";"toolbar/insert";"Salva ruolo"
"SACER_IAM";"/amministrazioneUtenti/dettaglioRuoloWizard";"toolbar/update";"Salva modifica ruolo"
"SACER_IAM";"/amministrazioneUtenti/dettaglioSistemaVersante";"button/AmministrazioneSistemiVersantiForm#UtentiArkCustomMessageButtonList/annullaCancUtenteArk";"Annulla cancellazione utente archivista"
"SACER_IAM";"/amministrazioneUtenti/dettaglioSistemaVersante";"button/AmministrazioneSistemiVersantiForm#UtentiArkCustomMessageButtonList/confermaCancUtenteArk";"Conferma cancellazione utente archivista"
"SACER_IAM";"/amministrazioneUtenti/dettaglioSistemaVersante";"detail/AmministrazioneSistemiVersantiForm#ReferentiDittaProduttriceList/delete";"Elimina referente ditta produttrice"
"SACER_IAM";"/amministrazioneUtenti/dettaglioSistemaVersante";"detail/AmministrazioneSistemiVersantiForm#ReferentiDittaProduttriceList/insert";"Inserisci referente ditta produttrice"
"SACER_IAM";"/amministrazioneUtenti/dettaglioSistemaVersante";"detail/AmministrazioneSistemiVersantiForm#StruttureVersantiList/strut";"Visualizza dettaglio struttura versante in Sacer"
"SACER_IAM";"/amministrazioneUtenti/dettaglioSistemaVersante";"detail/AmministrazioneSistemiVersantiForm#UtentiArchivistiList/delete";"Elimina utente archivista"
"SACER_IAM";"/amministrazioneUtenti/dettaglioSistemaVersante";"detail/AmministrazioneSistemiVersantiForm#UtentiArchivistiList/insert";"Inserisci utente archivista"
"SACER_IAM";"/amministrazioneUtenti/dettaglioSistemaVersante";"toolbar/delete";"Elimina sistema versante"
"SACER_IAM";"/amministrazioneUtenti/dettaglioSistemaVersante";"toolbar/edit";"Modifica sistema versante"
"SACER_IAM";"/amministrazioneUtenti/dettaglioSistemaVersante";"toolbar/insert";"Salva sistema versante"
"SACER_IAM";"/amministrazioneUtenti/dettaglioUtente";"button/AmministrazioneUtentiForm#DettaglioUtente/attivaUtente";"Attiva utente"
"SACER_IAM";"/amministrazioneUtenti/dettaglioUtente";"button/AmministrazioneUtentiForm#DettaglioUtente/cessaUtente";"Cessa utente"
"SACER_IAM";"/amministrazioneUtenti/dettaglioUtente";"button/AmministrazioneUtentiForm#DettaglioUtente/disattivaUtente";"Disattiva utente"
"SACER_IAM";"/amministrazioneUtenti/dettaglioUtente";"button/AmministrazioneUtentiForm#DettaglioUtente/duplicaUtente";"Duplica utente"
"SACER_IAM";"/amministrazioneUtenti/dettaglioUtente";"button/AmministrazioneUtentiForm#DettaglioUtente/inviaMailAttivazione";"Invia e-mail di attivazione"
"SACER_IAM";"/amministrazioneUtenti/dettaglioUtente";"button/AmministrazioneUtentiForm#DettaglioUtente/logEventi";"Log eventi"
"SACER_IAM";"/amministrazioneUtenti/dettaglioUtente";"button/AmministrazioneUtentiForm#DettaglioUtente/nuovaPassword";"Inserisci nuova password"
"SACER_IAM";"/amministrazioneUtenti/dettaglioUtente";"button/AmministrazioneUtentiForm#DettaglioUtente/resetPassword";"Reset password"
"SACER_IAM";"/amministrazioneUtenti/dettaglioUtente";"button/AmministrazioneUtentiForm#DettaglioUtente/visualizzaReplicheUtenti";"Visualizza repliche utente"
"SACER_IAM";"/amministrazioneUtenti/dettaglioUtente";"detail/AmministrazioneUtentiForm#DichAbilOrgList/view";"Visualizza ruoli per organizzazione abilitata"
"SACER_IAM";"/amministrazioneUtenti/dettaglioUtente";"toolbar/delete";"Elimina utente"
"SACER_IAM";"/amministrazioneUtenti/dettaglioUtente";"toolbar/edit";"Modifica utente"
"SACER_IAM";"/amministrazioneUtenti/dettaglioUtenteInserisciPassword";"button/AmministrazioneUtentiForm#EditPasswordUtente/salva_password";"Salva nuova password"
"SACER_IAM";"/amministrazioneUtenti/dettaglioUtenteWizard";"button/AmministrazioneUtentiForm#ApplicazioniFields/aggiungiApplicazione";"Aggiungi applicazione usata"
"SACER_IAM";"/amministrazioneUtenti/dettaglioUtenteWizard";"button/AmministrazioneUtentiForm#DichAbilFields/add_row_to_list";"Aggiungi abilitazione"
"SACER_IAM";"/amministrazioneUtenti/dettaglioUtenteWizard";"button/AmministrazioneUtentiForm#GestioneRuoliOrganizzazione/aggiungiRuoloOrg";"Aggiungi ruolo specifico per organizzazione"
"SACER_IAM";"/amministrazioneUtenti/dettaglioUtenteWizard";"button/AmministrazioneUtentiForm#IndIpFields/aggiungiIP";"Aggiungi indirizzo IP"
"SACER_IAM";"/amministrazioneUtenti/dettaglioUtenteWizard";"detail/AmministrazioneUtentiForm#ApplicazioniList/delete";"Elimina applicazione usata"
"SACER_IAM";"/amministrazioneUtenti/dettaglioUtenteWizard";"detail/AmministrazioneUtentiForm#DichAbilEnteConvenzList/delete";"Elimina dichiarazione ente convenzionato"
"SACER_IAM";"/amministrazioneUtenti/dettaglioUtenteWizard";"detail/AmministrazioneUtentiForm#DichAbilOrgList/delete";"Elimina dichiarazione organizzazioni"
"SACER_IAM";"/amministrazioneUtenti/dettaglioUtenteWizard";"detail/AmministrazioneUtentiForm#DichAbilTipiDatoList/delete";"Elimina dichiarazione tipi dato"
"SACER_IAM";"/amministrazioneUtenti/dettaglioUtenteWizard";"detail/AmministrazioneUtentiForm#IndIpList/delete";"Elimina indirizzo IP"
"SACER_IAM";"/amministrazioneUtenti/dettaglioUtenteWizard";"detail/AmministrazioneUtentiForm#RuoliDefaultList/delete";"Elimina ruolo di default"
"SACER_IAM";"/amministrazioneUtenti/dettaglioUtenteWizard";"detail/AmministrazioneUtentiForm#RuoliList/delete";"Elimina ruolo specifico per organizzazione"
"SACER_IAM";"/amministrazioneUtenti/dettaglioUtenteWizard";"toolbar/insert";"Salva dettaglio utente"
"SACER_IAM";"/amministrazioneUtenti/dettaglioUtenteWizard";"toolbar/update";"Salva modifica dettaglio utente"
"SACER_IAM";"/amministrazioneUtenti/listaRuoliOrganizzazione";"toolbar/edit";"Modifica ruoli specifici per organizzazione"
"SACER_IAM";"/amministrazioneUtenti/listaRuoliOrganizzazione";"toolbar/insert";"Salva ruoli specifici per organizzazione"
"SACER_IAM";"/amministrazioneUtenti/replicaUtentiList";"button/AmministrazioneUtentiForm#FiltriReplica/pulisciRepliche";"Pulisci repliche utenti"
"SACER_IAM";"/amministrazioneUtenti/replicaUtentiList";"button/AmministrazioneUtentiForm#FiltriReplica/ricercaRepliche";"Ricerca repliche utenti"
"SACER_IAM";"/amministrazioneUtenti/ricercaRichieste";"button/AmministrazioneUtentiForm#FiltriRichieste/ricercaRichieste";"Ricerca richieste"
"SACER_IAM";"/amministrazioneUtenti/ricercaRichieste";"detail/AmministrazioneUtentiForm#RichiesteList/delete";"Elimina richiesta"
"SACER_IAM";"/amministrazioneUtenti/ricercaRichieste";"detail/AmministrazioneUtentiForm#RichiesteList/edit";"Modifica richiesta"
"SACER_IAM";"/amministrazioneUtenti/ricercaRichieste";"detail/AmministrazioneUtentiForm#RichiesteList/insert";"Inserisci richiesta"
"SACER_IAM";"/amministrazioneUtenti/ricercaRichieste";"detail/AmministrazioneUtentiForm#RichiesteList/view";"Visualizza richiesta"
"SACER_IAM";"/amministrazioneUtenti/ricercaRuoli";"button/AmministrazioneRuoliForm#FiltriRuoli/ricercaRuoli";"Ricerca ruoli"
"SACER_IAM";"/amministrazioneUtenti/ricercaRuoli";"detail/AmministrazioneRuoliForm#ListaRuoli/delete";"Elimina ruolo"
"SACER_IAM";"/amministrazioneUtenti/ricercaRuoli";"detail/AmministrazioneRuoliForm#ListaRuoli/edit";"Modifica ruolo"
"SACER_IAM";"/amministrazioneUtenti/ricercaRuoli";"detail/AmministrazioneRuoliForm#ListaRuoli/insert";"Inserisci ruolo"
"SACER_IAM";"/amministrazioneUtenti/ricercaRuoli";"detail/AmministrazioneRuoliForm#ListaRuoli/view";"Visualizza ruolo"
"SACER_IAM";"/amministrazioneUtenti/ricercaSistemiVersanti";"button/AmministrazioneSistemiVersantiForm#FiltriSistemiVersanti/ricercaSistemiVersanti";"Ricerca sistemi versanti"
"SACER_IAM";"/amministrazioneUtenti/ricercaSistemiVersanti";"detail/AmministrazioneSistemiVersantiForm#ListaSistemiVersanti/delete";"Elimina sistema versante"
"SACER_IAM";"/amministrazioneUtenti/ricercaSistemiVersanti";"detail/AmministrazioneSistemiVersantiForm#ListaSistemiVersanti/edit";"Modifica sistema versante"
"SACER_IAM";"/amministrazioneUtenti/ricercaSistemiVersanti";"detail/AmministrazioneSistemiVersantiForm#ListaSistemiVersanti/insert";"Inserisci sistema versante"
"SACER_IAM";"/amministrazioneUtenti/ricercaSistemiVersanti";"detail/AmministrazioneSistemiVersantiForm#ListaSistemiVersanti/view";"Visualizza sistema versante"
"SACER_IAM";"/amministrazioneUtenti/ricercaUtenti";"button/AmministrazioneUtentiForm#FiltriUtenti/addReferentiDittaProduttriceToSistemaVersante";"Aggiungi referenti ditta produttrice al sistema versante"
"SACER_IAM";"/amministrazioneUtenti/ricercaUtenti";"button/AmministrazioneUtentiForm#FiltriUtenti/addReferentiEnteConvenzionato";"Aggiungi referenti ente convenzionato"
"SACER_IAM";"/amministrazioneUtenti/ricercaUtenti";"button/AmministrazioneUtentiForm#FiltriUtenti/addUtentiArchivistiToSistemaVersante";"Aggiungi utenti archivisti al sistema versante"
"SACER_IAM";"/amministrazioneUtenti/ricercaUtenti";"button/AmministrazioneUtentiForm#FiltriUtenti/pulisciUtenti";"Pulisci filtri ricerca utenti"
"SACER_IAM";"/amministrazioneUtenti/ricercaUtenti";"button/AmministrazioneUtentiForm#FiltriUtenti/ricercaUtenti";"Ricerca utenti"
"SACER_IAM";"/amministrazioneUtenti/ricercaUtenti";"button/AmministrazioneUtentiForm#FiltriUtenti/scaricaIndirizziMail";"Scarica indirizzi mail ricerca utenti"
"SACER_IAM";"/amministrazioneUtenti/ricercaUtenti";"detail/AmministrazioneUtentiForm#ListaUtenti/add";"Scelta utenti da aggiungere come archivisti per ente convenzionato"
"SACER_IAM";"/amministrazioneUtenti/ricercaUtenti";"detail/AmministrazioneUtentiForm#ListaUtenti/aggiungiReferenteEnte";"Aggiungi referente ente"
"SACER_IAM";"/amministrazioneUtenti/ricercaUtenti";"detail/AmministrazioneUtentiForm#ListaUtenti/aggiungiUtenteArchivista";"Aggiungi utente archivista"
"SACER_IAM";"/amministrazioneUtenti/ricercaUtenti";"detail/AmministrazioneUtentiForm#ListaUtenti/aggiungiUtentePerAzione";"Aggiungi utente per azione"
"SACER_IAM";"/amministrazioneUtenti/ricercaUtenti";"detail/AmministrazioneUtentiForm#ListaUtenti/aggiungiUtenteRichiedente";"Aggiungi utente richiedente"
"SACER_IAM";"/amministrazioneUtenti/ricercaUtenti";"detail/AmministrazioneUtentiForm#ListaUtenti/delete";"Elimina utente"
"SACER_IAM";"/amministrazioneUtenti/ricercaUtenti";"detail/AmministrazioneUtentiForm#ListaUtenti/edit";"Modifica utente"
"SACER_IAM";"/amministrazioneUtenti/ricercaUtenti";"detail/AmministrazioneUtentiForm#ListaUtenti/insert";"Inserisci utente"
"SACER_IAM";"/amministrazioneUtenti/ricercaUtenti";"detail/AmministrazioneUtentiForm#ListaUtenti/loadDettaglioLastRichGestUser";"Visualizza ultima richiesta associata all'utente"
"SACER_IAM";"/amministrazioneUtenti/ricercaUtenti";"detail/AmministrazioneUtentiForm#ListaUtenti/view";"Visualizza utente"
"SACER_IAM";"/amministrazioneUtenti/ricercaUtenti";"detail/AmministrazioneUtentiForm#UtentiArchivistiPerEnteConvenzionatoList/remove";"Annulla scelta utenti da aggiungere come archivisti per ente convenzionato"
"SACER_IAM";"/amministrazioneUtenti/schedulazioniJobList";"button/AmministrazioneUtentiForm#FiltriJobSchedulati/gestioneJobPage";"Vai a pagina Gestione Job"
"SACER_IAM";"/amministrazioneUtenti/schedulazioniJobList";"button/AmministrazioneUtentiForm#FiltriJobSchedulati/pulisciJobSchedulati";"Pulisci filtri di ricerca schedulazioni job"
"SACER_IAM";"/amministrazioneUtenti/schedulazioniJobList";"button/AmministrazioneUtentiForm#FiltriJobSchedulati/ricercaJobSchedulati";"Ricerca schedulazioni job"
"SACER_IAM";"/amministrazioneUtenti/schedulazioniJobList";"button/AmministrazioneUtentiForm#InformazioniJob/esecuzioneSingolaJobSchedulati";"Esecuzione singola da job schedulati"
"SACER_IAM";"/amministrazioneUtenti/schedulazioniJobList";"button/AmministrazioneUtentiForm#InformazioniJob/startJobSchedulati";"Start da job schedulati"
"SACER_IAM";"/amministrazioneUtenti/schedulazioniJobList";"button/AmministrazioneUtentiForm#InformazioniJob/stopJobSchedulati";"Stop da job schedulati"
"SACER_IAM";"/amministrazioneUtenti/schedulazioniReplicaUtentiList";"button/AmministrazioneUtentiForm#FiltriSchedulazioni/pulisciSchedulazioni";"Pulisci filtri ricerca schedulazioni replica utenti"
"SACER_IAM";"/amministrazioneUtenti/schedulazioniReplicaUtentiList";"button/AmministrazioneUtentiForm#FiltriSchedulazioni/ricercaSchedulazioni";"Ricerca schedulazioni replica utenti"
"SACER_IAM";"/amministrazioneUtenti/schedulazioniReplicaUtentiList";"button/AmministrazioneUtentiForm#FiltriSchedulazioni/visualizzaReplicheUtentiSched";"Visualizza schedulazioni repliche utenti"
"SACER_IAM";"/amministrazioneUtenti/schedulazioniReplicaUtentiList";"detail/AmministrazioneUtentiForm#SchedulazioniReplicaUtentiList/cleanAsyncLocked";"Sblocca replica"
"SACER_IAM";"/associazioneUtente";"button/AssociazioneUtenteForm#Bottoni/associa";"Associa utente"
"SACER_IAM";"/informazioni/dettaglioNoteRilascioCorrente";"detail/NoteRilascioForm#NoteRilascioPrecedentiList/view";"Visualizza nota di rilascio precedente"																																	 
"SACER_IAM";"/logEventi/DettaglioEventoOggetto";"button/GestioneLogEventiForm#EventoDetail/visualizzaFoto";"Visualizza foto"
"SACER_IAM";"/logEventi/DettaglioEventoOggetto";"detail/GestioneLogEventiForm#ListaModifiche/visualizzaValoriClob";"Visualizza valori clob"
"SACER_IAM";"/logEventi/DettaglioEventoOggetto";"detail/GestioneLogEventiForm#ListaModifiche/visualizzaValoriGrandi";"Visualizza valori grandi"
"SACER_IAM";"/logEventi/DettaglioTransazione";"button/GestioneLogEventiForm#EventoPrincipale/visualizzaDatiCompletiTransazione";"Visualizza dati completi"																																						  
"SACER_IAM";"/logEventi/DettaglioTransazione";"detail/GestioneLogEventiForm#EventiSuccessiviList/view";"Dettaglio evento successivo"
"SACER_IAM";"/logEventi/DettaglioTransazione";"detail/GestioneLogEventiForm#OggettiEventoPrincipaleList/view";"Dettaglio evento principale"
"SACER_IAM";"/logEventi/DettaglioXml";"button/GestioneLogEventiForm#ValoreXml/scarica_xml";"Scarica xml foto"
"SACER_IAM";"/logEventi/GestioneLogEventi";"detail/GestioneLogEventiForm#ListaEventi/view";"Visualizza dettaglio evento"
"SACER_IAM";"/logEventi/GestioneLogEventi";"detail/GestioneLogEventiForm#ListaEventi/visualizzaDettaglioTransazioneDaListaEventi";"Dettaglio transazione"
"SACER_IAM";"/logEventi/RicercaEventi";"button/GestioneLogEventiForm#FiltriRicercaEventi/ricercaEventi";"Ricerca eventi"
"SACER_IAM";"/logEventi/RicercaEventi";"detail/GestioneLogEventiForm#RicercaEventiList/view";"Dettaglio evento"
"SACER_IAM";"/logEventi/RicercaEventi";"detail/GestioneLogEventiForm#RicercaEventiList/visualizzaDettaglioTransazione";"Dettaglio transazione"
"SACER_IAM";"/logging/ricercaAccessiFalliti";"button/GestioneAccessiFallitiForm#FiltriAccessiFalliti/ricercaAccessiFalliti";"Ricerca accessi falliti"
"SACER_IAM";"/modificaPassword";"button/ModificaPasswordForm#Bottoni/modificaPassword";"Modifica password"
